date,location,region,population,cases,casechange,caserate,deaths,deathrate
2023-09-06,City of Agoura Hills,SFV,20000,6,6,30,29,139
2023-09-06,City of Alhambra,SGV,86207,25,25,29,305,352
2023-09-06,City of Arcadia,SGV,58333,13,13,24,215,372
2023-09-06,City of Artesia,E,16667,6,6,36,97,578
2023-09-06,City of Avalon,SB,4185714,292,292,7,3,78
2023-09-06,City of Azusa,SGV,48571,17,17,35,174,348
2023-09-06,City of Baldwin Park,SGV,76923,29,29,38,424,552
2023-09-06,City of Bell Gardens,E,42500,17,17,40,152,353
2023-09-06,City of Bell,E,36170,17,17,47,155,427
2023-09-06,City of Bellflower,E,77500,31,31,40,304,391
2023-09-06,City of Beverly Hills,W,32353,11,11,33,60,174
2023-09-06,City of Bradbury,SGV,1183333,71,71,6,0,0
2023-09-06,City of Burbank,SFV,106452,33,33,31,376,351
2023-09-06,City of Calabasas,SFV,25000,5,5,24,47,193
2023-09-06,City of Carson,SB,92105,35,35,37,360,384
2023-09-06,City of Cerritos,E,48148,13,13,27,113,226
2023-09-06,City of Claremont,SGV,35714,10,10,28,118,323
2023-09-06,City of Commerce,E,11111,5,5,45,56,428
2023-09-06,City of Compton,S,100000,40,40,40,347,347
2023-09-06,City of Covina,SGV,47619,20,20,41,257,524
2023-09-06,City of Cudahy,E,24000,12,12,50,92,378
2023-09-06,City of Culver City,W,40000,12,12,30,169,424
2023-09-06,City of Diamond Bar,SGV,54167,13,13,24,129,224
2023-09-06,City of Downey,E,114634,47,47,41,438,383
2023-09-06,City of Duarte,SGV,20588,7,7,34,132,600
2023-09-06,City of El Monte,SGV,116216,43,43,36,603,514
2023-09-06,City of El Segundo,SB,16667,4,4,24,19,113
2023-09-06,City of Gardena,E,61111,22,22,36,293,478
2023-09-06,City of Glendale,SFV,210345,60,60,29,1,504
2023-09-06,City of Glendora,SGV,51724,15,15,28,235,445
2023-09-06,City of Hawaiian Gardens,E,14706,5,5,34,36,245
2023-09-06,City of Hawthorne,SB,88235,30,30,33,294,331
2023-09-06,City of Hermosa Beach,SB,16667,4,4,24,17,86
2023-09-06,City of Hidden Hills,SFV,1970000,390,390,20,2,106
2023-09-06,City of Huntington Park,E,59091,26,26,44,231,388
2023-09-06,City of Industry,SGV,422,1,1,233,7,1
2023-09-06,City of Inglewood,SB,114706,39,39,34,436,384
2023-09-06,City of Irwindale,SGV,1477049,896,896,61,13,891
2023-09-06,City of La Canada Flintridge,SGV,18182,4,4,22,31,150
2023-09-06,City of La Habra Heights,E,7166667,215,215,3,2,37
2023-09-06,City of La Mirada,E,48276,14,14,29,216,435
2023-09-06,City of La Puente,SGV,41026,16,16,39,177,435
2023-09-06,City of La Verne,SGV,32143,9,9,28,96,288
2023-09-06,City of Lakewood,E,79412,27,27,34,199,248
2023-09-06,City of Lancaster,AV,162500,64,64,40,500,309
2023-09-06,City of Lawndale,SB,31250,10,10,31,80,238
2023-09-06,City of Lomita,SB,20000,6,6,29,68,328
2023-09-06,City of Lynwood,S,70455,31,31,43,326,452
2023-09-06,City of Malibu,W,9091,2,2,22,15,116
2023-09-06,City of Manhattan Beach,SB,33333,7,7,20,33,92
2023-09-06,City of Maywood,E,26087,12,12,46,113,403
2023-09-06,City of Monrovia,SGV,38710,11,11,30,127,327
2023-09-06,City of Montebello,E,62500,25,25,39,323,502
2023-09-06,City of Monterey Park,SGV,60714,17,17,28,297,477
2023-09-06,City of Norwalk,E,107500,43,43,40,548,509
2023-09-06,City of Palmdale,AV,159524,67,67,42,499,314
2023-09-06,City of Palos Verdes Estates,SB,11765,2,2,17,17,126
2023-09-06,City of Paramount,S,56098,22,22,40,225,402
2023-09-06,City of Pico Rivera,E,63636,28,28,44,369,574
2023-09-06,City of Pomona,SGV,157143,66,66,42,643,412
2023-09-06,City of Rancho Palos Verdes,SB,44444,7,7,18,94,220
2023-09-06,City of Redondo Beach,SB,69565,15,15,23,88,128
2023-09-06,City of Rolling Hills Estates,SB,5263,1,1,19,11,136
2023-09-06,City of Rolling Hills,SB,2020000,303,303,15,4,206
2023-09-06,City of Rosemead,SGV,55556,15,15,27,218,394
2023-09-06,City of San Dimas,SGV,34375,11,11,32,150,435
2023-09-06,City of San Fernando,SFV,23077,12,12,52,87,353
2023-09-06,City of San Gabriel,SGV,39286,11,11,28,286,698
2023-09-06,City of San Marino,SGV,11111,2,2,18,18,136
2023-09-06,City of Santa Clarita,SFV,220588,74,74,33,465,211
2023-09-06,City of Santa Fe Springs,E,16279,7,7,43,65,354
2023-09-06,City of Santa Monica,W,93103,26,26,29,306,331
2023-09-06,City of Sierra Madre,SGV,9091,2,2,22,28,255
2023-09-06,City of Signal Hill,E,11429,4,4,35,22,186
2023-09-06,City of South El Monte,SGV,20000,8,8,40,92,441
2023-09-06,City of South Gate,E,97917,47,47,48,352,359
2023-09-06,City of South Pasadena,SGV,25000,6,6,24,70,269
2023-09-06,City of Temple City,SGV,33333,10,10,29,187,513
2023-09-06,City of Torrance,SB,152174,34,34,23,371,249
2023-09-06,City of Vernon,E,209884,358,358,171,0,0
2023-09-06,City of Walnut,SGV,28000,7,7,25,61,200
2023-09-06,City of West Covina,SGV,108108,39,39,36,424,392
2023-09-06,City of West Hollywood,W,35484,11,11,30,65,176
2023-09-06,City of Westlake Village,SFV,9160000,456,456,5,3,36
2023-09-06,City of Whittier,E,86111,31,31,36,377,431
2023-09-06,Los Angeles - Adams-Normandie,S,7692,3,3,39,20,244
2023-09-06,Los Angeles - Alsace,W,10811,4,4,36,25,201
2023-09-06,Los Angeles - Angeles National Forest,AV,0,0,0,0,0,0
2023-09-06,Los Angeles - Angelino Heights,MLA,2508824,851,851,34,8,320
2023-09-06,Los Angeles - Arleta,SFV,34694,17,17,49,142,413
2023-09-06,Los Angeles - Atwater Village,MLA,14286,5,5,35,45,307
2023-09-06,Los Angeles - Baldwin Hills,S,30303,10,10,33,130,418
2023-09-06,Los Angeles - Bel Air,W,6897,2,2,29,9,107
2023-09-06,Los Angeles - Beverly Crest,W,11111,3,3,27,11,88
2023-09-06,Los Angeles - Beverlywood,W,12500,4,4,32,8,61
2023-09-06,Los Angeles - Boyle Heights,MLA,85106,40,40,46,399,459
2023-09-06,Los Angeles - Brentwood,W,29630,8,8,27,38,123
2023-09-06,Los Angeles - Brookside,MLA,585185,158,158,27,2,344
2023-09-06,Los Angeles - Cadillac-Corning,W,6250,2,2,32,16,225
2023-09-06,Los Angeles - Canoga Park,SFV,64103,25,25,39,227,348
2023-09-06,Los Angeles - Carthay,MLA,12903,4,4,31,106,738
2023-09-06,Los Angeles - Central,MLA,38636,17,17,43,179,459
2023-09-06,Los Angeles - Century City,W,10000,3,3,29,22,172
2023-09-06,Los Angeles - Century Palms/Cove,S,32653,16,16,48,140,415
2023-09-06,Los Angeles - Chatsworth,SFV,37143,13,13,35,131,353
2023-09-06,Los Angeles - Cheviot Hills,W,7143,2,2,28,19,207
2023-09-06,Los Angeles - Chinatown,MLA,8108,2,2,37,27,337
2023-09-06,Los Angeles - Cloverdale/Cochran,MLA,13514,5,5,37,37,254
2023-09-06,Los Angeles - Country Club Park,MLA,12500,4,4,32,106,700
2023-09-06,Los Angeles - Crenshaw District,S,12821,5,5,39,50,362
2023-09-06,Los Angeles - Crestview,W,11429,4,4,35,60,528
2023-09-06,Los Angeles - Del Rey,W,28571,8,8,28,51,170
2023-09-06,Los Angeles - Downtown,MLA,27119,16,16,59,87,316
2023-09-06,Los Angeles - Eagle Rock,MLA,40000,13,13,35,179,452
2023-09-06,Los Angeles - East Hollywood,MLA,27273,9,9,33,180,615
2023-09-06,Los Angeles - Echo Park,MLA,12500,4,4,31,30,210
2023-09-06,Los Angeles - El Sereno,MLA,41463,17,17,40,157,376
2023-09-06,Los Angeles - Elysian Park,MLA,3125,1,1,32,6,105
2023-09-06,Los Angeles - Elysian Valley,MLA,8571,3,3,35,36,354
2023-09-06,Los Angeles - Encino,SFV,44118,15,15,34,105,232
2023-09-06,Los Angeles - Exposition Park,S,43902,18,18,40,114,254
2023-09-06,Los Angeles - Exposition,S,2564,1,1,39,11,331
2023-09-06,Los Angeles - Faircrest Heights,MLA,2857,1,1,35,9,250
2023-09-06,Los Angeles - Figueroa Park Square,S,6818,3,3,43,42,482
2023-09-06,Los Angeles - Florence-Firestone,S,47917,23,23,48,169,356
2023-09-06,Los Angeles - Glassell Park,MLA,31429,11,11,35,83,263
2023-09-06,Los Angeles - Gramercy Place,S,10256,4,4,39,47,437
2023-09-06,Los Angeles - Granada Hills,SFV,56757,21,21,37,288,495
2023-09-06,Los Angeles - Green Meadows,S,21277,10,10,47,70,326
2023-09-06,Los Angeles - Hancock Park,MLA,14286,4,4,28,20,117
2023-09-06,Los Angeles - Harbor City,SB,27273,9,9,32,63,217
2023-09-06,Los Angeles - Harbor Gateway,SB,44444,15,15,36,120,275
2023-09-06,Los Angeles - Harbor Pines,SB,2437037,656,656,27,5,208
2023-09-06,Los Angeles - Harvard Heights,MLA,17647,6,6,34,84,466
2023-09-06,Los Angeles - Harvard Park,S,37500,18,18,48,145,382
2023-09-06,Los Angeles - Highland Park,MLA,47222,17,17,36,155,320
2023-09-06,Los Angeles - Historic Filipinotown,MLA,12500,5,5,40,102,735
2023-09-06,Los Angeles - Hollywood Hills,MLA,26923,7,7,26,35,119
2023-09-06,Los Angeles - Hollywood,MLA,68750,21,21,32,132,193
2023-09-06,Los Angeles - Hyde Park,S,28571,12,12,42,134,470
2023-09-06,Los Angeles - Jefferson Park,S,7692,3,3,39,26,322
2023-09-06,Los Angeles - Koreatown,MLA,51613,16,16,31,161,311
2023-09-06,Los Angeles - Lafayette Square,MLA,2857,1,1,35,12,263
2023-09-06,Los Angeles - Lake Balboa,SFV,41026,16,16,39,106,251
2023-09-06,Los Angeles - Lakeview Terrace,SFV,12766,6,6,47,54,411
2023-09-06,Los Angeles - Leimert Park,S,13158,5,5,38,42,276
2023-09-06,Los Angeles - Lincoln Heights,MLA,33333,12,12,39,247,758
2023-09-06,Los Angeles - Little Armenia,MLA,7895,3,3,38,115,1
2023-09-06,Los Angeles - Little Bangladesh,MLA,26667,8,8,30,42,148
2023-09-06,Los Angeles - Little Tokyo,MLA,2083,1,1,48,18,575
2023-09-06,Los Angeles - Longwood,MLA,2381,1,1,42,19,441
2023-09-06,Los Angeles - Los Feliz,MLA,20000,6,6,30,96,444
2023-09-06,Los Angeles - Manchester Square,SB,7895,3,3,38,25,293
2023-09-06,Los Angeles - Mandeville Canyon,W,3193103,916,916,29,2,64
2023-09-06,Los Angeles - Mar Vista,W,42308,11,11,26,66,155
2023-09-06,Los Angeles - Marina Peninsula,W,4477273,977,977,22,5,115
2023-09-06,Los Angeles - Melrose,MLA,76471,26,26,34,283,364
2023-09-06,Los Angeles - Mid-city,MLA,13333,4,4,30,32,213
2023-09-06,Los Angeles - Miracle Mile,MLA,17857,5,5,27,26,145
2023-09-06,Los Angeles - Mission Hills,SFV,24000,12,12,50,172,713
2023-09-06,Los Angeles - Mt. Washington,MLA,23529,8,8,34,83,344
2023-09-06,Los Angeles - North Hills,SFV,60976,25,25,41,217,352
2023-09-06,Los Angeles - North Hollywood,SFV,153846,59,59,39,548,362
2023-09-06,Los Angeles - Northridge,SFV,70270,25,25,37,244,350
2023-09-06,Los Angeles - Pacific Palisades,W,20833,5,5,24,23,108
2023-09-06,Los Angeles - Pacoima,SFV,76471,39,39,50,301,391
2023-09-06,Los Angeles - Palisades Highlands,W,3954167,937,937,24,2,52
2023-09-06,Los Angeles - Palms,W,42857,12,12,28,86,196
2023-09-06,Los Angeles - Panorama City,SFV,75556,33,33,45,359,477
2023-09-06,Los Angeles - Park La Brea,MLA,12500,3,3,24,5,37
2023-09-06,Los Angeles - Pico-Union,MLA,41026,16,16,39,309,738
2023-09-06,Los Angeles - Playa Del Rey,W,3268421,613,613,19,6,188
2023-09-06,Los Angeles - Playa Vista,W,9375,3,3,31,17,155
2023-09-06,Los Angeles - Porter Ranch,SFV,33333,10,10,30,76,214
2023-09-06,Los Angeles - Rancho Park,W,5714,2,2,34,2,30
2023-09-06,Los Angeles - Regent Square,W,2793750,889,889,31,4,144
2023-09-06,Los Angeles - Reseda Ranch,SFV,2564,1,1,39,8,173
2023-09-06,Los Angeles - Reseda,SFV,76190,32,32,42,440,574
2023-09-06,Los Angeles - Reynier Village,W,3571,1,1,28,3,71
2023-09-06,Los Angeles - San Pedro,SB,76471,26,26,34,208,267
2023-09-06,Los Angeles - Shadow Hills,SFV,3333,1,1,30,11,248
2023-09-06,Los Angeles - Sherman Oaks,SFV,87500,28,28,32,191,219
2023-09-06,Los Angeles - Silverlake,MLA,43333,13,13,30,107,243
2023-09-06,Los Angeles - South Carthay,MLA,9677,3,3,31,44,415
2023-09-06,Los Angeles - South Park,S,38636,17,17,44,140,369
2023-09-06,Los Angeles - St Elmo Village,MLA,2439,1,1,41,50,1
2023-09-06,Los Angeles - Studio City,SFV,21875,7,7,31,69,307
2023-09-06,Los Angeles - Sun Valley,SFV,52273,23,23,44,221,421
2023-09-06,Los Angeles - Sunland,SFV,20588,7,7,34,97,475
2023-09-06,Los Angeles - Sycamore Square,SFV,662500,212,212,32,2,309
2023-09-06,Los Angeles - Sylmar,SFV,80769,42,42,51,343,416
2023-09-06,Los Angeles - Tarzana,SFV,29412,10,10,34,119,385
2023-09-06,Los Angeles - Temple-Beaudry,MLA,38235,13,13,34,143,362
2023-09-06,Los Angeles - Thai Town,MLA,6897,2,2,28,42,428
2023-09-06,Los Angeles - Toluca Lake,SFV,6667,2,2,29,13,149
2023-09-06,Los Angeles - Toluca Terrace,SFV,1309756,533,533,40,11,842
2023-09-06,Los Angeles - Toluca Woods,SFV,1903846,480,480,25,3,161
2023-09-06,Los Angeles - Tujunga,SFV,28125,9,9,32,112,403
2023-09-06,Los Angeles - University Hills,SGV,3500000,943,943,27,3,87
2023-09-06,Los Angeles - University Park,S,26190,11,11,42,79,288
2023-09-06,Los Angeles - Valley Glen,SFV,28947,11,11,37,104,346
2023-09-06,Los Angeles - Valley Village,SFV,22857,8,8,35,105,425
2023-09-06,Los Angeles - Van Nuys,SFV,92683,38,38,40,461,495
2023-09-06,Los Angeles - Venice,W,33333,9,9,27,39,115
2023-09-06,Los Angeles - Vermont Knolls,S,15909,7,7,44,83,483
2023-09-06,Los Angeles - Vermont Square,S,6122,3,3,49,39,509
2023-09-06,Los Angeles - Vermont Vista,S,41304,18,18,46,138,335
2023-09-06,Los Angeles - Vernon Central,S,50000,24,24,47,208,400
2023-09-06,Los Angeles - Victoria Park,MLA,5882,2,2,33,22,262
2023-09-06,Los Angeles - View Heights,S,3333,1,1,30,9,244
2023-09-06,Los Angeles - Watts,S,41304,19,19,46,151,354
2023-09-06,Los Angeles - Wellington Square,MLA,2632,1,1,38,15,305
2023-09-06,Los Angeles - West Adams,MLA,27500,11,11,40,188,680
2023-09-06,Los Angeles - West Hills,SFV,40625,13,13,32,167,412
2023-09-06,Los Angeles - West Los Angeles,W,35484,11,11,31,82,218
2023-09-06,Los Angeles - West Vernon,S,54348,25,25,46,260,485
2023-09-06,Los Angeles - Westchester,W,51852,14,14,27,89,172
2023-09-06,Los Angeles - Westlake,MLA,60000,21,21,35,402,677
2023-09-06,Los Angeles - Westwood,W,54839,16,16,31,54,100
2023-09-06,Los Angeles - Wholesale District,MLA,35484,22,22,62,173,479
2023-09-06,Los Angeles - Wilmington,SB,57143,23,23,42,156,276
2023-09-06,Los Angeles - Wilshire Center,MLA,50000,17,17,34,159,317
2023-09-06,Los Angeles - Winnetka,SFV,51282,20,20,39,136,263
2023-09-06,Los Angeles - Woodland Hills,SFV,67742,21,21,30,153,225
2023-09-06,Unincorporated - Acton,AV,8000,2,2,25,19,238
2023-09-06,Unincorporated - Agua Dulce,AV,4167,1,1,24,8,192
2023-09-06,Unincorporated - Altadena,SGV,44444,11,11,27,123,282
2023-09-06,Unincorporated - Anaverde,AV,1521429,426,426,28,1,66
2023-09-06,Unincorporated - Angeles National Forest,AV,1342857,94,94,7,1,80
2023-09-06,Unincorporated - Arcadia,SGV,6897,2,2,28,24,301
2023-09-06,Unincorporated - Athens Village,S,40476,17,17,41,163,384
2023-09-06,Unincorporated - Athens-Westmont,S,3448,2,2,58,42,858
2023-09-06,Unincorporated - Avocado Heights,SGV,5000,2,2,40,23,339
2023-09-06,Unincorporated - Azusa,SGV,15000,6,6,40,61,383
2023-09-06,Unincorporated - Bassett,SGV,14286,6,6,42,60,405
2023-09-06,Unincorporated - Bouquet Canyon,SFV,1110526,207,207,19,2,186
2023-09-06,Unincorporated - Bradbury,SGV,108730,137,137,126,27,25
2023-09-06,Unincorporated - Canyon Country,SFV,6122,3,3,49,11,142
2023-09-06,Unincorporated - Castaic,SFV,25000,9,9,36,31,114
2023-09-06,Unincorporated - Cerritos,E,603125,193,193,32,2,341
2023-09-06,Unincorporated - Charter Oak,SGV,20000,10,10,50,0,0
2023-09-06,Unincorporated - Claremont,SGV,727273,160,160,22,7,997
2023-09-06,Unincorporated - Covina (Charter Oak),SGV,12821,5,5,38,58,441
2023-09-06,Unincorporated - Covina,SGV,16216,6,6,37,66,392
2023-09-06,Unincorporated - Del Aire,SB,3571,1,1,28,4,91
2023-09-06,Unincorporated - Del Rey,W,319149,149,149,46,1,314
2023-09-06,Unincorporated - Del Sur,AV,2462069,711,711,29,3,124
2023-09-06,Unincorporated - Desert View Highlands,AV,2515385,974,974,39,13,521
2023-09-06,Unincorporated - Duarte,SGV,4348,2,2,46,15,339
2023-09-06,Unincorporated - East Covina,SGV,340741,92,92,27,1,304
2023-09-06,Unincorporated - East La Mirada,E,3226,1,1,31,17,321
2023-09-06,Unincorporated - East Lancaster,AV,115789,44,44,38,0,0
2023-09-06,Unincorporated - East Los Angeles,E,125532,59,59,47,588,469
2023-09-06,Unincorporated - East Pasadena,SGV,7233333,434,434,6,15,234
2023-09-06,Unincorporated - East Rancho Dominguez,S,14286,6,6,42,70,457
2023-09-06,Unincorporated - East Whittier,E,3704,1,1,27,11,207
2023-09-06,Unincorporated - El Camino Village,SB,6250,2,2,31,19,216
2023-09-06,Unincorporated - El Monte,SGV,145,1,1,690,0,0
2023-09-06,Unincorporated - Elizabeth Lake,AV,1723529,291,291,17,4,241
2023-09-06,Unincorporated - Florence-Firestone,S,63830,30,30,47,288,445
2023-09-06,Unincorporated - Franklin Canyon,MLA,12500,2,2,16,0,0
2023-09-06,Unincorporated - Glendora,SGV,673333,200,200,30,5,758
2023-09-06,Unincorporated - Hacienda Heights,SGV,53333,16,16,30,151,270
2023-09-06,Unincorporated - Harbor Gateway,S,1000,4,4,400,0,0
2023-09-06,Unincorporated - Hawthorne,SB,2593333,769,769,30,6,239
2023-09-06,Unincorporated - Hi Vista,AV,1166667,175,175,15,2,182
2023-09-06,Unincorporated - Kagel/Lopez Canyons,SFV,1430435,325,325,23,2,142
2023-09-06,Unincorporated - La Crescenta-Montrose,SFV,17391,4,4,22,35,177
2023-09-06,Unincorporated - La Habra Heights,E,700000,21,21,3,1,148
2023-09-06,Unincorporated - La Rambla,SGV,2095652,943,943,45,33,1
2023-09-06,Unincorporated - La Verne,SGV,2096875,668,668,32,3,147
2023-09-06,Unincorporated - Ladera Heights,W,6667,2,2,30,21,297
2023-09-06,Unincorporated - Lake Hughes,AV,670968,207,207,30,2,299
2023-09-06,Unincorporated - Lake Los Angeles,AV,12903,4,4,31,28,215
2023-09-06,Unincorporated - Lake Manor,SFV,1651724,469,469,28,2,122
2023-09-06,Unincorporated - Lakewood,E,116667,28,28,24,0,0
2023-09-06,Unincorporated - Lennox,SB,20588,7,7,34,75,333
2023-09-06,Unincorporated - Leona Valley,AV,1761111,315,315,17,4,228
2023-09-06,Unincorporated - Littlerock,AV,2857,1,1,35,11,274
2023-09-06,Unincorporated - Littlerock/Juniper Hills,AV,1314286,366,366,28,5,386
2023-09-06,Unincorporated - Littlerock/Pearblossom,AV,2703,1,1,37,14,392
2023-09-06,Unincorporated - Llano,AV,916667,109,109,12,3,342
2023-09-06,Unincorporated - Marina del Rey,W,6897,2,2,29,6,64
2023-09-06,Unincorporated - Miracle Mile,MLA,0,0,0,0,0,0
2023-09-06,Unincorporated - Monrovia,SGV,3448,1,1,29,7,180
2023-09-06,Unincorporated - Newhall,SFV,222917,107,107,48,1,455
2023-09-06,Unincorporated - North Lancaster,AV,1200000,515,515,42,4,334
2023-09-06,Unincorporated - North Whittier,W,7895,3,3,38,36,431
2023-09-06,Unincorporated - Northeast San Gabriel,SGV,22727,5,5,22,49,204
2023-09-06,Unincorporated - Padua Hills,SGV,223529,38,38,17,0,0
2023-09-06,Unincorporated - Palmdale,AV,850000,270,270,32,6,713
2023-09-06,Unincorporated - Palos Verdes Peninsula,SB,628571,130,130,20,0,0
2023-09-06,Unincorporated - Pearblossom/Llano,AV,2000000,437,437,22,4,204
2023-09-06,Unincorporated - Pellissier Village,SGV,622951,378,378,61,2,323
2023-09-06,Unincorporated - Placerita Canyon,SGV,480000,24,24,5,0,0
2023-09-06,Unincorporated - Pomona,SGV,2133333,127,127,6,2,103
2023-09-06,Unincorporated - Quartz Hill,AV,10000,3,3,30,41,318
2023-09-06,Unincorporated - Rancho Dominguez,S,2174,1,1,46,6,225
2023-09-06,Unincorporated - Roosevelt,S,950000,285,285,30,2,215
2023-09-06,Unincorporated - Rosewood,S,1302500,519,519,40,5,389
2023-09-06,Unincorporated - Rosewood/East Gardena,S,1215217,556,556,46,6,503
2023-09-06,Unincorporated - Rosewood/West Rancho Dominguez,S,2439,1,1,40,23,684
2023-09-06,Unincorporated - Rowland Heights,SGV,50000,12,12,24,123,241
2023-09-06,Unincorporated - San Clemente Island,SB,0,0,0,0,0,0
2023-09-06,Unincorporated - San Francisquito Canyon/Bouquet Canyon,SFV,880000,44,44,5,0,0
2023-09-06,Unincorporated - San Jose Hills,SGV,20513,8,8,39,101,499
2023-09-06,Unincorporated - San Pasqual,SGV,2275000,91,91,4,1,49
2023-09-06,Unincorporated - Sand Canyon,AV,315000,63,63,20,0,0
2023-09-06,Unincorporated - Santa Catalina Island,SB,267713,597,597,223,5,1
2023-09-06,Unincorporated - Santa Monica Mountains,W,19048,4,4,21,30,161
2023-09-06,Unincorporated - Saugus,SFV,155507,351,351,226,1,645
2023-09-06,Unincorporated - Saugus/Canyon Country,SFV,363415,138,138,38,1,281
2023-09-06,Unincorporated - South Antelope Valley,AV,459259,123,123,27,1,220
2023-09-06,Unincorporated - South El Monte,SGV,1830952,769,769,42,6,334
2023-09-06,Unincorporated - South San Gabriel,SGV,8108,3,3,36,65,735
2023-09-06,Unincorporated - South Whittier,SGV,56757,21,21,36,208,351
2023-09-06,Unincorporated - Southeast Antelope Valley,AV,803125,256,256,32,1,128
2023-09-06,Unincorporated - Stevenson Ranch,SFV,20690,6,6,29,19,91
2023-09-06,Unincorporated - Sun Village,AV,5556,2,2,35,20,331
2023-09-06,Unincorporated - Sunrise Village,SGV,1310870,599,599,46,2,154
2023-09-06,Unincorporated - Twin Lakes/Oat Mountain,SFV,1719231,443,443,26,5,302
2023-09-06,Unincorporated - Val Verde,AV,2703,1,1,37,6,181
2023-09-06,Unincorporated - Valencia,SFV,3096774,953,953,31,2,65
2023-09-06,Unincorporated - Valinda,SGV,21429,9,9,41,104,445
2023-09-06,Unincorporated - View Park/Windsor Hills,S,9375,3,3,31,30,258
2023-09-06,Unincorporated - Walnut Park,S,15217,7,7,46,69,427
2023-09-06,Unincorporated - West Antelope Valley,AV,1625000,192,192,12,2,132
2023-09-06,Unincorporated - West Carson,SB,21053,8,8,38,196,887
2023-09-06,Unincorporated - West Chatsworth,SFV,12195,5,5,41,0,0
2023-09-06,Unincorporated - West LA,W,953061,905,905,95,28,2
2023-09-06,Unincorporated - West Puente Valley,SGV,9302,4,4,43,40,407
2023-09-06,Unincorporated - West Rancho Dominguez,S,1372973,505,505,37,10,736
2023-09-06,Unincorporated - West Whittier/Los Nietos,E,25000,10,10,40,125,464
2023-09-06,Unincorporated - Westfield/Academy Hills,TBD,1310000,260,260,20,2,154
2023-09-06,Unincorporated - Westhills,SFV,866667,206,206,24,0,0
2023-09-06,Unincorporated - White Fence Farms,AV,3784000,944,944,25,10,272
2023-09-06,Unincorporated - Whittier Narrows,E,12012,77,77,641,1,8
2023-09-06,Unincorporated - Whittier,SGV,3704,1,1,26,11,291
2023-09-06,Unincorporated - Willowbrook,S,35417,16,16,48,141,404
2023-09-06,Unincorporated - Wiseburn,SB,3125,1,1,32,20,332
2023-09-06,age 0 to 4,,0,113,113
2023-09-06,age 12 to 17,,0,278,278
2023-09-06,age 18 to 29,,0,763,763
2023-09-06,age 30 to 49,,0,1,1
2023-09-06,age 5 to 11,,0,284,284
2023-09-06,age 50 to 64,,0,622,622
2023-09-06,age 65 to 79,,0,270,270
2023-09-06,age over 80,,0,96,96
2023-10-03,City of Agoura Hills,SFV,20000,6,0,30,29,139
2023-10-03,City of Alhambra,SGV,86207,25,0,29,307,354
2023-10-03,City of Arcadia,SGV,58333,14,1,24,215,372
2023-10-03,City of Artesia,E,16667,6,0,36,98,584
2023-10-03,City of Avalon,SB,4185714,293,1,7,3,78
2023-10-03,City of Azusa,SGV,48571,17,0,35,173,346
2023-10-03,City of Baldwin Park,SGV,76923,30,1,39,426,555
2023-10-03,City of Bell Gardens,E,42500,17,0,40,152,353
2023-10-03,City of Bell,E,36170,17,0,47,155,427
2023-10-03,City of Bellflower,E,77500,31,0,40,304,391
2023-10-03,City of Beverly Hills,W,32353,11,0,34,60,174
2023-10-03,City of Bradbury,SGV,1183333,71,0,6,0,0
2023-10-03,City of Burbank,SFV,106452,33,0,31,376,351
2023-10-03,City of Calabasas,SFV,25000,6,1,24,48,197
2023-10-03,City of Carson,SB,92105,35,0,38,361,385
2023-10-03,City of Cerritos,E,48148,13,0,27,114,228
2023-10-03,City of Claremont,SGV,35714,10,0,28,120,329
2023-10-03,City of Commerce,E,11111,5,0,45,56,428
2023-10-03,City of Compton,S,100000,40,0,40,348,348
2023-10-03,City of Covina,SGV,47619,20,0,42,258,526
2023-10-03,City of Cudahy,E,24000,12,0,50,93,382
2023-10-03,City of Culver City,W,40000,12,0,30,169,424
2023-10-03,City of Diamond Bar,SGV,54167,13,0,24,129,224
2023-10-03,City of Downey,E,114634,47,0,41,441,386
2023-10-03,City of Duarte,SGV,20588,7,0,34,132,600
2023-10-03,City of El Monte,SGV,116216,43,0,37,604,515
2023-10-03,City of El Segundo,SB,16667,4,0,24,19,113
2023-10-03,City of Gardena,E,61111,22,0,36,293,478
2023-10-03,City of Glendale,SFV,210345,61,1,29,1,507
2023-10-03,City of Glendora,SGV,51724,15,0,29,236,447
2023-10-03,City of Hawaiian Gardens,E,14706,5,0,34,36,245
2023-10-03,City of Hawthorne,SB,88235,30,0,34,294,331
2023-10-03,City of Hermosa Beach,SB,16667,4,0,24,18,92
2023-10-03,City of Hidden Hills,SFV,1970000,394,4,20,2,106
2023-10-03,City of Huntington Park,E,59091,26,0,44,231,388
2023-10-03,City of Industry,SGV,422,1,0,237,7,1
2023-10-03,City of Inglewood,SB,114706,39,0,34,436,384
2023-10-03,City of Irwindale,SGV,1477049,901,5,61,13,891
2023-10-03,City of La Canada Flintridge,SGV,18182,4,0,22,31,150
2023-10-03,City of La Habra Heights,E,7166667,215,0,3,2,37
2023-10-03,City of La Mirada,E,48276,14,0,29,217,438
2023-10-03,City of La Puente,SGV,41026,16,0,39,177,435
2023-10-03,City of La Verne,SGV,32143,9,0,28,97,291
2023-10-03,City of Lakewood,E,79412,27,0,34,199,248
2023-10-03,City of Lancaster,AV,162500,65,1,40,503,311
2023-10-03,City of Lawndale,SB,31250,10,0,32,80,238
2023-10-03,City of Lomita,SB,20000,6,0,30,69,333
2023-10-03,City of Lynwood,S,70455,31,0,44,327,454
2023-10-03,City of Malibu,W,9091,2,0,22,15,116
2023-10-03,City of Manhattan Beach,SB,33333,7,0,21,33,92
2023-10-03,City of Maywood,E,26087,12,0,46,114,406
2023-10-03,City of Monrovia,SGV,38710,12,1,31,127,327
2023-10-03,City of Montebello,E,62500,25,0,40,323,502
2023-10-03,City of Monterey Park,SGV,60714,17,0,28,298,479
2023-10-03,City of Norwalk,E,107500,43,0,40,549,510
2023-10-03,City of Palmdale,AV,159524,67,0,42,500,315
2023-10-03,City of Palos Verdes Estates,SB,11765,2,0,17,18,133
2023-10-03,City of Paramount,S,56098,23,1,41,225,402
2023-10-03,City of Pico Rivera,E,63636,28,0,44,370,576
2023-10-03,City of Pomona,SGV,157143,66,0,42,647,415
2023-10-03,City of Rancho Palos Verdes,SB,44444,8,1,18,96,225
2023-10-03,City of Redondo Beach,SB,69565,16,1,23,89,130
2023-10-03,City of Rolling Hills Estates,SB,5263,1,0,19,11,136
2023-10-03,City of Rolling Hills,SB,2020000,303,0,15,4,206
2023-10-03,City of Rosemead,SGV,55556,15,0,27,218,394
2023-10-03,City of San Dimas,SGV,34375,11,0,32,150,435
2023-10-03,City of San Fernando,SFV,23077,12,0,52,87,353
2023-10-03,City of San Gabriel,SGV,39286,11,0,28,287,701
2023-10-03,City of San Marino,SGV,11111,2,0,18,18,136
2023-10-03,City of Santa Clarita,SFV,220588,75,1,34,468,212
2023-10-03,City of Santa Fe Springs,E,16279,7,0,43,65,354
2023-10-03,City of Santa Monica,W,93103,27,1,29,307,332
2023-10-03,City of Sierra Madre,SGV,9091,2,0,22,28,255
2023-10-03,City of Signal Hill,E,11429,4,0,35,22,186
2023-10-03,City of South El Monte,SGV,20000,8,0,40,92,441
2023-10-03,City of South Gate,E,97917,47,0,48,352,359
2023-10-03,City of South Pasadena,SGV,25000,6,0,24,70,269
2023-10-03,City of Temple City,SGV,33333,10,0,30,189,518
2023-10-03,City of Torrance,SB,152174,35,1,23,372,249
2023-10-03,City of Vernon,E,209884,361,3,172,0,0
2023-10-03,City of Walnut,SGV,28000,7,0,25,61,200
2023-10-03,City of West Covina,SGV,108108,40,1,37,425,393
2023-10-03,City of West Hollywood,W,35484,11,0,31,65,176
2023-10-03,City of Westlake Village,SFV,9160000,458,2,5,3,36
2023-10-03,City of Whittier,E,86111,31,0,36,377,431
2023-10-03,Los Angeles - Adams-Normandie,S,7692,3,0,39,20,244
2023-10-03,Los Angeles - Alsace,W,10811,4,0,37,25,201
2023-10-03,Los Angeles - Angeles National Forest,AV,0,0,0,0,0,0
2023-10-03,Los Angeles - Angelino Heights,MLA,2508824,853,2,34,8,320
2023-10-03,Los Angeles - Arleta,SFV,34694,17,0,49,142,413
2023-10-03,Los Angeles - Atwater Village,MLA,14286,5,0,35,46,314
2023-10-03,Los Angeles - Baldwin Hills,S,30303,10,0,33,130,418
2023-10-03,Los Angeles - Bel Air,W,6897,2,0,29,9,107
2023-10-03,Los Angeles - Beverly Crest,W,11111,3,0,27,12,96
2023-10-03,Los Angeles - Beverlywood,W,12500,4,0,32,8,61
2023-10-03,Los Angeles - Boyle Heights,MLA,85106,40,0,47,401,462
2023-10-03,Los Angeles - Brentwood,W,29630,8,0,27,39,126
2023-10-03,Los Angeles - Brookside,MLA,585185,158,0,27,2,344
2023-10-03,Los Angeles - Cadillac-Corning,W,6250,2,0,32,16,225
2023-10-03,Los Angeles - Canoga Park,SFV,64103,25,0,39,228,349
2023-10-03,Los Angeles - Carthay,MLA,12903,4,0,31,106,738
2023-10-03,Los Angeles - Central,MLA,38636,17,0,44,179,459
2023-10-03,Los Angeles - Century City,W,10000,3,0,30,22,172
2023-10-03,Los Angeles - Century Palms/Cove,S,32653,16,0,49,140,415
2023-10-03,Los Angeles - Chatsworth,SFV,37143,13,0,35,132,356
2023-10-03,Los Angeles - Cheviot Hills,W,7143,2,0,28,19,207
2023-10-03,Los Angeles - Chinatown,MLA,8108,3,1,37,28,349
2023-10-03,Los Angeles - Cloverdale/Cochran,MLA,13514,5,0,37,37,254
2023-10-03,Los Angeles - Country Club Park,MLA,12500,4,0,32,106,700
2023-10-03,Los Angeles - Crenshaw District,S,12821,5,0,39,50,362
2023-10-03,Los Angeles - Crestview,W,11429,4,0,35,60,528
2023-10-03,Los Angeles - Del Rey,W,28571,8,0,28,51,170
2023-10-03,Los Angeles - Downtown,MLA,27119,16,0,59,87,316
2023-10-03,Los Angeles - Eagle Rock,MLA,40000,14,1,35,179,452
2023-10-03,Los Angeles - East Hollywood,MLA,27273,9,0,33,182,621
2023-10-03,Los Angeles - Echo Park,MLA,12500,4,0,32,30,210
2023-10-03,Los Angeles - El Sereno,MLA,41463,17,0,41,157,376
2023-10-03,Los Angeles - Elysian Park,MLA,3125,1,0,32,6,105
2023-10-03,Los Angeles - Elysian Valley,MLA,8571,3,0,35,36,354
2023-10-03,Los Angeles - Encino,SFV,44118,15,0,34,105,232
2023-10-03,Los Angeles - Exposition Park,S,43902,18,0,41,115,256
2023-10-03,Los Angeles - Exposition,S,2564,1,0,39,11,331
2023-10-03,Los Angeles - Faircrest Heights,MLA,2857,1,0,35,9,250
2023-10-03,Los Angeles - Figueroa Park Square,S,6818,3,0,44,42,482
2023-10-03,Los Angeles - Florence-Firestone,S,47917,23,0,48,168,354
2023-10-03,Los Angeles - Glassell Park,MLA,31429,11,0,35,83,263
2023-10-03,Los Angeles - Gramercy Place,S,10256,4,0,39,47,437
2023-10-03,Los Angeles - Granada Hills,SFV,56757,21,0,37,290,498
2023-10-03,Los Angeles - Green Meadows,S,21277,10,0,47,70,326
2023-10-03,Los Angeles - Hancock Park,MLA,14286,4,0,28,21,123
2023-10-03,Los Angeles - Harbor City,SB,27273,9,0,33,64,220
2023-10-03,Los Angeles - Harbor Gateway,SB,44444,16,1,36,121,278
2023-10-03,Los Angeles - Harbor Pines,SB,2437037,658,2,27,5,208
2023-10-03,Los Angeles - Harvard Heights,MLA,17647,6,0,34,84,466
2023-10-03,Los Angeles - Harvard Park,S,37500,18,0,48,146,385
2023-10-03,Los Angeles - Highland Park,MLA,47222,17,0,36,155,320
2023-10-03,Los Angeles - Historic Filipinotown,MLA,12500,5,0,40,102,735
2023-10-03,Los Angeles - Hollywood Hills,MLA,26923,7,0,26,35,119
2023-10-03,Los Angeles - Hollywood,MLA,68750,22,1,32,136,199
2023-10-03,Los Angeles - Hyde Park,S,28571,12,0,42,134,470
2023-10-03,Los Angeles - Jefferson Park,S,7692,3,0,39,26,322
2023-10-03,Los Angeles - Koreatown,MLA,51613,16,0,31,161,311
2023-10-03,Los Angeles - Lafayette Square,MLA,2857,1,0,35,12,263
2023-10-03,Los Angeles - Lake Balboa,SFV,41026,16,0,39,106,251
2023-10-03,Los Angeles - Lakeview Terrace,SFV,12766,6,0,47,55,419
2023-10-03,Los Angeles - Leimert Park,S,13158,5,0,38,42,276
2023-10-03,Los Angeles - Lincoln Heights,MLA,33333,13,1,39,247,758
2023-10-03,Los Angeles - Little Armenia,MLA,7895,3,0,38,115,1
2023-10-03,Los Angeles - Little Bangladesh,MLA,26667,8,0,30,42,148
2023-10-03,Los Angeles - Little Tokyo,MLA,2083,1,0,48,18,575
2023-10-03,Los Angeles - Longwood,MLA,2381,1,0,42,19,441
2023-10-03,Los Angeles - Los Feliz,MLA,20000,6,0,30,96,444
2023-10-03,Los Angeles - Manchester Square,SB,7895,3,0,38,25,293
2023-10-03,Los Angeles - Mandeville Canyon,W,3193103,926,10,29,2,64
2023-10-03,Los Angeles - Mar Vista,W,42308,11,0,26,66,155
2023-10-03,Los Angeles - Marina Peninsula,W,4477273,985,8,22,5,115
2023-10-03,Los Angeles - Melrose,MLA,76471,26,0,34,283,364
2023-10-03,Los Angeles - Mid-city,MLA,13333,4,0,30,33,220
2023-10-03,Los Angeles - Miracle Mile,MLA,17857,5,0,28,26,145
2023-10-03,Los Angeles - Mission Hills,SFV,24000,12,0,50,172,713
2023-10-03,Los Angeles - Mt. Washington,MLA,23529,8,0,34,83,344
2023-10-03,Los Angeles - North Hills,SFV,60976,25,0,41,218,354
2023-10-03,Los Angeles - North Hollywood,SFV,153846,60,1,39,549,363
2023-10-03,Los Angeles - Northridge,SFV,70270,26,1,37,245,351
2023-10-03,Los Angeles - Pacific Palisades,W,20833,5,0,24,23,108
2023-10-03,Los Angeles - Pacoima,SFV,76471,39,0,51,302,392
2023-10-03,Los Angeles - Palisades Highlands,W,3954167,949,12,24,2,52
2023-10-03,Los Angeles - Palms,W,42857,12,0,28,86,196
2023-10-03,Los Angeles - Panorama City,SFV,75556,34,1,45,360,478
2023-10-03,Los Angeles - Park La Brea,MLA,12500,3,0,24,5,37
2023-10-03,Los Angeles - Pico-Union,MLA,41026,16,0,39,309,738
2023-10-03,Los Angeles - Playa Del Rey,W,3268421,621,8,19,6,188
2023-10-03,Los Angeles - Playa Vista,W,9375,3,0,32,17,155
2023-10-03,Los Angeles - Porter Ranch,SFV,33333,10,0,30,78,219
2023-10-03,Los Angeles - Rancho Park,W,5714,2,0,35,2,30
2023-10-03,Los Angeles - Regent Square,W,2793750,894,5,32,4,144
2023-10-03,Los Angeles - Reseda Ranch,SFV,2564,1,0,39,8,173
2023-10-03,Los Angeles - Reseda,SFV,76190,32,0,42,440,574
2023-10-03,Los Angeles - Reynier Village,W,3571,1,0,28,3,71
2023-10-03,Los Angeles - San Pedro,SB,76471,26,0,34,210,269
2023-10-03,Los Angeles - Shadow Hills,SFV,3333,1,0,30,11,248
2023-10-03,Los Angeles - Sherman Oaks,SFV,87500,28,0,32,192,220
2023-10-03,Los Angeles - Silverlake,MLA,43333,13,0,30,107,243
2023-10-03,Los Angeles - South Carthay,MLA,9677,3,0,31,44,415
2023-10-03,Los Angeles - South Park,S,38636,17,0,44,140,369
2023-10-03,Los Angeles - St Elmo Village,MLA,2439,1,0,41,50,1
2023-10-03,Los Angeles - Studio City,SFV,21875,7,0,32,69,307
2023-10-03,Los Angeles - Sun Valley,SFV,52273,23,0,44,221,421
2023-10-03,Los Angeles - Sunland,SFV,20588,7,0,34,98,480
2023-10-03,Los Angeles - Sycamore Square,SFV,662500,212,0,32,2,309
2023-10-03,Los Angeles - Sylmar,SFV,80769,42,0,52,346,420
2023-10-03,Los Angeles - Tarzana,SFV,29412,10,0,34,119,385
2023-10-03,Los Angeles - Temple-Beaudry,MLA,38235,13,0,34,143,362
2023-10-03,Los Angeles - Thai Town,MLA,6897,2,0,29,43,438
2023-10-03,Los Angeles - Toluca Lake,SFV,6667,2,0,30,13,149
2023-10-03,Los Angeles - Toluca Terrace,SFV,1309756,537,4,41,11,842
2023-10-03,Los Angeles - Toluca Woods,SFV,1903846,495,15,26,3,161
2023-10-03,Los Angeles - Tujunga,SFV,28125,9,0,32,113,406
2023-10-03,Los Angeles - University Hills,SGV,3500000,945,2,27,3,87
2023-10-03,Los Angeles - University Park,S,26190,11,0,42,79,288
2023-10-03,Los Angeles - Valley Glen,SFV,28947,11,0,38,105,350
2023-10-03,Los Angeles - Valley Village,SFV,22857,8,0,35,105,425
2023-10-03,Los Angeles - Van Nuys,SFV,92683,38,0,41,463,497
2023-10-03,Los Angeles - Venice,W,33333,9,0,27,39,115
2023-10-03,Los Angeles - Vermont Knolls,S,15909,7,0,44,83,483
2023-10-03,Los Angeles - Vermont Square,S,6122,3,0,49,39,509
2023-10-03,Los Angeles - Vermont Vista,S,41304,19,1,46,138,335
2023-10-03,Los Angeles - Vernon Central,S,50000,24,0,48,208,400
2023-10-03,Los Angeles - Victoria Park,MLA,5882,2,0,34,22,262
2023-10-03,Los Angeles - View Heights,S,3333,1,0,30,9,244
2023-10-03,Los Angeles - Watts,S,41304,19,0,46,151,354
2023-10-03,Los Angeles - Wellington Square,MLA,2632,1,0,38,15,305
2023-10-03,Los Angeles - West Adams,MLA,27500,11,0,40,192,695
2023-10-03,Los Angeles - West Hills,SFV,40625,13,0,32,167,412
2023-10-03,Los Angeles - West Los Angeles,W,35484,11,0,31,83,221
2023-10-03,Los Angeles - West Vernon,S,54348,25,0,46,260,485
2023-10-03,Los Angeles - Westchester,W,51852,14,0,27,89,172
2023-10-03,Los Angeles - Westlake,MLA,60000,21,0,35,403,679
2023-10-03,Los Angeles - Westwood,W,54839,17,1,31,55,102
2023-10-03,Los Angeles - Wholesale District,MLA,35484,22,0,62,173,479
2023-10-03,Los Angeles - Wilmington,SB,57143,24,1,42,156,276
2023-10-03,Los Angeles - Wilshire Center,MLA,50000,17,0,34,159,317
2023-10-03,Los Angeles - Winnetka,SFV,51282,20,0,39,137,265
2023-10-03,Los Angeles - Woodland Hills,SFV,67742,21,0,31,154,226
2023-10-03,Unincorporated - Acton,AV,8000,2,0,25,19,238
2023-10-03,Unincorporated - Agua Dulce,AV,4167,1,0,24,8,192
2023-10-03,Unincorporated - Altadena,SGV,44444,12,1,27,123,282
2023-10-03,Unincorporated - Anaverde,AV,1521429,426,0,28,1,66
2023-10-03,Unincorporated - Angeles National Forest,AV,1342857,94,0,7,1,80
2023-10-03,Unincorporated - Arcadia,SGV,6897,2,0,29,24,301
2023-10-03,Unincorporated - Athens Village,S,40476,17,0,42,163,384
2023-10-03,Unincorporated - Athens-Westmont,S,3448,2,0,58,42,858
2023-10-03,Unincorporated - Avocado Heights,SGV,5000,2,0,40,23,339
2023-10-03,Unincorporated - Azusa,SGV,15000,6,0,40,62,389
2023-10-03,Unincorporated - Bassett,SGV,14286,6,0,42,60,405
2023-10-03,Unincorporated - Bouquet Canyon,SFV,1110526,211,4,19,2,186
2023-10-03,Unincorporated - Bradbury,SGV,108730,137,0,126,27,25
2023-10-03,Unincorporated - Canyon Country,SFV,6122,3,0,49,11,142
2023-10-03,Unincorporated - Castaic,SFV,25000,9,0,36,31,114
2023-10-03,Unincorporated - Cerritos,E,603125,193,0,32,2,341
2023-10-03,Unincorporated - Charter Oak,SGV,20000,10,0,50,0,0
2023-10-03,Unincorporated - Claremont,SGV,727273,160,0,22,7,997
2023-10-03,Unincorporated - Covina (Charter Oak),SGV,12821,5,0,39,58,441
2023-10-03,Unincorporated - Covina,SGV,16216,6,0,37,66,392
2023-10-03,Unincorporated - Del Aire,SB,3571,1,0,28,4,91
2023-10-03,Unincorporated - Del Rey,W,319149,150,1,47,1,314
2023-10-03,Unincorporated - Del Sur,AV,2462069,714,3,29,3,124
2023-10-03,Unincorporated - Desert View Highlands,AV,2515385,981,7,39,13,521
2023-10-03,Unincorporated - Duarte,SGV,4348,2,0,46,15,339
2023-10-03,Unincorporated - East Covina,SGV,340741,92,0,27,1,304
2023-10-03,Unincorporated - East La Mirada,E,3226,1,0,31,17,321
2023-10-03,Unincorporated - East Lancaster,AV,115789,44,0,38,0,0
2023-10-03,Unincorporated - East Los Angeles,E,125532,59,0,47,588,469
2023-10-03,Unincorporated - East Pasadena,SGV,7233333,434,0,6,15,234
2023-10-03,Unincorporated - East Rancho Dominguez,S,14286,6,0,42,70,457
2023-10-03,Unincorporated - East Whittier,E,3704,1,0,27,11,207
2023-10-03,Unincorporated - El Camino Village,SB,6250,2,0,32,19,216
2023-10-03,Unincorporated - El Monte,SGV,145,1,0,690,0,0
2023-10-03,Unincorporated - Elizabeth Lake,AV,1723529,293,2,17,4,241
2023-10-03,Unincorporated - Florence-Firestone,S,63830,30,0,47,288,445
2023-10-03,Unincorporated - Franklin Canyon,MLA,12500,2,0,16,0,0
2023-10-03,Unincorporated - Glendora,SGV,673333,202,2,30,5,758
2023-10-03,Unincorporated - Hacienda Heights,SGV,53333,16,0,30,151,270
2023-10-03,Unincorporated - Harbor Gateway,S,1000,4,0,400,0,0
2023-10-03,Unincorporated - Hawthorne,SB,2593333,778,9,30,6,239
2023-10-03,Unincorporated - Hi Vista,AV,1166667,175,0,15,2,182
2023-10-03,Unincorporated - Kagel/Lopez Canyons,SFV,1430435,329,4,23,2,142
2023-10-03,Unincorporated - La Crescenta-Montrose,SFV,17391,4,0,23,35,177
2023-10-03,Unincorporated - La Habra Heights,E,700000,21,0,3,1,148
2023-10-03,Unincorporated - La Rambla,SGV,2095652,964,21,46,33,1
2023-10-03,Unincorporated - La Verne,SGV,2096875,671,3,32,3,147
2023-10-03,Unincorporated - Ladera Heights,W,6667,2,0,30,21,297
2023-10-03,Unincorporated - Lake Hughes,AV,670968,208,1,31,2,299
2023-10-03,Unincorporated - Lake Los Angeles,AV,12903,4,0,31,28,215
2023-10-03,Unincorporated - Lake Manor,SFV,1651724,479,10,29,2,122
2023-10-03,Unincorporated - Lakewood,E,116667,28,0,24,0,0
2023-10-03,Unincorporated - Lennox,SB,20588,7,0,34,76,337
2023-10-03,Unincorporated - Leona Valley,AV,1761111,317,2,18,4,228
2023-10-03,Unincorporated - Littlerock,AV,2857,1,0,35,11,274
2023-10-03,Unincorporated - Littlerock/Juniper Hills,AV,1314286,368,2,28,5,386
2023-10-03,Unincorporated - Littlerock/Pearblossom,AV,2703,1,0,37,14,392
2023-10-03,Unincorporated - Llano,AV,916667,110,1,12,3,342
2023-10-03,Unincorporated - Marina del Rey,W,6897,2,0,29,6,64
2023-10-03,Unincorporated - Miracle Mile,MLA,0,0,0,0,0,0
2023-10-03,Unincorporated - Monrovia,SGV,3448,1,0,29,7,180
2023-10-03,Unincorporated - Newhall,SFV,222917,107,0,48,1,455
2023-10-03,Unincorporated - North Lancaster,AV,1200000,516,1,43,4,334
2023-10-03,Unincorporated - North Whittier,W,7895,3,0,38,36,431
2023-10-03,Unincorporated - Northeast San Gabriel,SGV,22727,5,0,22,50,208
2023-10-03,Unincorporated - Padua Hills,SGV,223529,38,0,17,0,0
2023-10-03,Unincorporated - Palmdale,AV,850000,272,2,32,6,713
2023-10-03,Unincorporated - Palos Verdes Peninsula,SB,628571,132,2,21,0,0
2023-10-03,Unincorporated - Pearblossom/Llano,AV,2000000,440,3,22,4,204
2023-10-03,Unincorporated - Pellissier Village,SGV,622951,380,2,61,2,323
2023-10-03,Unincorporated - Placerita Canyon,SGV,480000,24,0,5,0,0
2023-10-03,Unincorporated - Pomona,SGV,2133333,128,1,6,2,103
2023-10-03,Unincorporated - Quartz Hill,AV,10000,3,0,30,41,318
2023-10-03,Unincorporated - Rancho Dominguez,S,2174,1,0,46,6,225
2023-10-03,Unincorporated - Roosevelt,S,950000,285,0,30,2,215
2023-10-03,Unincorporated - Rosewood,S,1302500,521,2,40,5,389
2023-10-03,Unincorporated - Rosewood/East Gardena,S,1215217,559,3,46,6,503
2023-10-03,Unincorporated - Rosewood/West Rancho Dominguez,S,2439,1,0,41,23,684
2023-10-03,Unincorporated - Rowland Heights,SGV,50000,12,0,24,123,241
2023-10-03,Unincorporated - San Clemente Island,SB,0,0,0,0,0,0
2023-10-03,Unincorporated - San Francisquito Canyon/Bouquet Canyon,SFV,880000,44,0,5,0,0
2023-10-03,Unincorporated - San Jose Hills,SGV,20513,8,0,39,102,504
2023-10-03,Unincorporated - San Pasqual,SGV,2275000,91,0,4,1,49
2023-10-03,Unincorporated - Sand Canyon,AV,315000,63,0,20,0,0
2023-10-03,Unincorporated - Santa Catalina Island,SB,267713,597,0,223,5,1
2023-10-03,Unincorporated - Santa Monica Mountains,W,19048,4,0,21,30,161
2023-10-03,Unincorporated - Saugus,SFV,155507,353,2,227,1,645
2023-10-03,Unincorporated - Saugus/Canyon Country,SFV,363415,149,11,41,1,281
2023-10-03,Unincorporated - South Antelope Valley,AV,459259,124,1,27,1,220
2023-10-03,Unincorporated - South El Monte,SGV,1830952,769,0,42,6,334
2023-10-03,Unincorporated - South San Gabriel,SGV,8108,3,0,37,65,735
2023-10-03,Unincorporated - South Whittier,SGV,56757,21,0,37,208,351
2023-10-03,Unincorporated - Southeast Antelope Valley,AV,803125,257,1,32,1,128
2023-10-03,Unincorporated - Stevenson Ranch,SFV,20690,6,0,29,19,91
2023-10-03,Unincorporated - Sun Village,AV,5556,2,0,36,20,331
2023-10-03,Unincorporated - Sunrise Village,SGV,1310870,603,4,46,2,154
2023-10-03,Unincorporated - Twin Lakes/Oat Mountain,SFV,1719231,447,4,26,5,302
2023-10-03,Unincorporated - Val Verde,AV,2703,1,0,37,6,181
2023-10-03,Unincorporated - Valencia,SFV,3096774,960,7,31,2,65
2023-10-03,Unincorporated - Valinda,SGV,21429,9,0,42,105,449
2023-10-03,Unincorporated - View Park/Windsor Hills,S,9375,3,0,32,30,258
2023-10-03,Unincorporated - Walnut Park,S,15217,7,0,46,69,427
2023-10-03,Unincorporated - West Antelope Valley,AV,1625000,195,3,12,2,132
2023-10-03,Unincorporated - West Carson,SB,21053,8,0,38,197,892
2023-10-03,Unincorporated - West Chatsworth,SFV,12195,5,0,41,0,0
2023-10-03,Unincorporated - West LA,W,953061,934,29,98,28,2
2023-10-03,Unincorporated - West Puente Valley,SGV,9302,4,0,43,40,407
2023-10-03,Unincorporated - West Rancho Dominguez,S,1372973,508,3,37,10,736
2023-10-03,Unincorporated - West Whittier/Los Nietos,E,25000,10,0,40,125,464
2023-10-03,Unincorporated - Westfield/Academy Hills,TBD,1310000,262,2,20,2,154
2023-10-03,Unincorporated - Westhills,SFV,866667,208,2,24,0,0
2023-10-03,Unincorporated - White Fence Farms,AV,3784000,946,2,25,10,272
2023-10-03,Unincorporated - Whittier Narrows,E,12012,77,0,641,1,8
2023-10-03,Unincorporated - Whittier,SGV,3704,1,0,27,11,291
2023-10-03,Unincorporated - Willowbrook,S,35417,17,1,48,141,404
2023-10-03,Unincorporated - Wiseburn,SB,3125,1,0,32,20,332
2023-10-03,age 0 to 4,,0,115,2
2023-10-03,age 12 to 17,,0,279,1
2023-10-03,age 18 to 29,,0,766,3
2023-10-03,age 30 to 49,,0,1,0
2023-10-03,age 5 to 11,,0,284,0
2023-10-03,age 50 to 64,,0,626,4
2023-10-03,age 65 to 79,,0,274,4
2023-10-03,age over 80,,0,98,2